{"cameraMode":{"drawMode":0,"name":"Shaded","section":"Shading Mode"},"sceneLighting":false,"audioPlay":false,"sceneViewState":{"showFog":true,"showMaterialUpdate":false,"showSkybox":false,"showFlares":true,"showImageEffects":true,"showParticleSystems":true},"in2DMode":false,"pivot":{"x":-0.05556708574295044,"y":-0.32200416922569277,"z":0.18995940685272218},"rotation":{"x":-0.5732645392417908,"y":0.006632000207901001,"z":-0.004637372680008411,"w":-0.819342851638794},"size":3.4408693313598635,"orthographic":false}